{"n_adapters": 6, "rank": 8, "names": ["task_0", "task_1", "task_2", "task_3", "task_4", "task_5"], "pairwise_cosine": [[1.0, -0.01419939893447751, -0.030709038560837815, -0.012202947810769261, -0.009634205610461898, -0.007260853630689535], [-0.01419939893447751, 1.0, 0.012323312070387657, -0.02547442180239207, -0.017706811012693342, -0.06736009279298899], [-0.030709038560837815, 0.012323312070387657, 1.0, 0.0037020098231175056, -0.03451732375813964, -0.00032589621292304204], [-0.012202947810769261, -0.02547442180239207, 0.0037020098231175056, 1.0, -0.001158962419774198, 0.010522010523448632], [-0.009634205610461898, -0.017706811012693342, -0.03451732375813964, -0.001158962419774198, 1.0, 0.006407620924478629], [-0.007260853630689535, -0.06736009279298899, -0.00032589621292304204, 0.010522010523448632, 0.006407620924478629, 1.0]], "accuracy_matrix": [[0.8771506312920311, 0.45652801827658424, 0.4482603003640042, 0.38043191715835306, 0.46294482503126555, 0.38621160646647357], [0.477297636510679, 0.810522609192003, 0.47921485868198815, 0.47483095031146166, 0.4589554340949967, 0.4339499575879822], [0.44078813138982614, 0.4995553273717997, 0.8222034591439549, 0.4444519893225526, 0.42826456486751147, 0.43448251987527653], [0.4408032635413629, 0.4576965493760256, 0.4424800217873171, 0.8991877418320664, 0.4314955454238855, 0.45637023769038965], [0.4096750199758009, 0.4515655469792333, 0.48930077197045596, 0.42699261363498436, 0.8688587626315895, 0.5367589378180948], [0.42021976770717134, 0.40136575427364396, 0.4371957260526023, 0.5078908430945521, 0.5132961326770903, 0.8429080596135684]], "swap_ms_samples": [0.007666007149964571, 0.0072499969974160194, 0.007541966624557972, 0.006916990969330072, 0.006708025466650724, 0.006749993190169334, 0.006708025466650724, 0.006999995093792677, 0.00666698906570673, 0.00662502134218812, 0.006665999535471201, 0.006667047273367643, 0.006791029591113329, 0.006749993190169334, 0.006583984941244125, 0.006582995411008596, 0.00666698906570673, 0.00670895678922534, 0.00662502134218812, 0.006708025466650724, 0.006500049494206905, 0.006665999535471201, 0.006749993190169334, 0.006540969479829073, 0.006709014996886253, 0.006709014996886253, 0.006582995411008596, 0.006665999535471201, 0.00670895678922534, 0.006791029591113329, 0.006749993190169334, 0.006791029591113329, 0.006792019121348858, 0.006708025466650724, 0.006707967258989811, 0.006540969479829073, 0.0067909713834524155, 0.006834045052528381, 0.006665999535471201, 0.006749993190169334, 0.006874965038150549, 0.006999995093792677, 0.0067909713834524155, 0.0067909713834524155, 0.006749993190169334, 0.006667047273367643, 0.006791960913687944, 0.006749993190169334, 0.006875023245811462, 0.006832997314631939, 0.006959016900509596, 0.006750051397830248, 0.006832997314631939, 0.006749993190169334, 0.006792019121348858, 0.006749993190169334, 0.006750051397830248, 0.006792019121348858, 0.006832997314631939, 0.006709014996886253, 0.006875023245811462, 0.006624963134527206, 0.006832997314631939, 0.006875023245811462, 0.006875023245811462, 0.006749993190169334, 0.006709014996886253, 0.006749993190169334, 0.00666698906570673, 0.006750051397830248, 0.00666698906570673, 0.0067909713834524155, 0.006916990969330072, 0.006749993190169334, 0.00666698906570673, 0.006749993190169334, 0.006959016900509596, 0.006875023245811462, 0.006749993190169334, 0.006749993190169334], "swap_ms_p50": 0.006749993190169334, "swap_ms_p99": 0.007568015134893357, "diagonal_accuracy_mean": 0.8534718772842024, "off_diagonal_accuracy_mean": 0.45097582564377886}